{"cameraMode":{"drawMode":0,"name":"Shaded","section":"Shading Mode"},"sceneLighting":false,"audioPlay":false,"sceneViewState":{"showFog":true,"showMaterialUpdate":false,"showSkybox":false,"showFlares":true,"showImageEffects":true,"showParticleSystems":true},"in2DMode":false,"pivot":{"x":13.744140625,"y":2.2542724609375,"z":-0.05126953125},"rotation":{"x":0.022400537505745889,"y":0.8945615887641907,"z":-0.045122601091861728,"w":0.44409653544425967},"size":6.0478715896606449,"orthographic":true}