{"cameraMode":{"drawMode":0,"name":"Shaded","section":"Shading Mode"},"sceneLighting":true,"audioPlay":false,"sceneViewState":{"showFog":true,"showMaterialUpdate":false,"showSkybox":true,"showFlares":true,"showImageEffects":true,"showParticleSystems":true},"in2DMode":false,"pivot":{"x":-5.735158920288086,"y":0.37577056884765627,"z":21.92046356201172},"rotation":{"x":0.054495323449373248,"y":0.11655740439891815,"z":-0.006405187770724297,"w":0.9916670918464661},"size":94.42391204833985,"orthographic":false}