{"cameraMode":{"drawMode":0,"name":"Shaded","section":"Shading Mode"},"sceneLighting":false,"audioPlay":false,"sceneViewState":{"showFog":true,"showMaterialUpdate":false,"showSkybox":false,"showFlares":true,"showImageEffects":true,"showParticleSystems":true},"in2DMode":false,"pivot":{"x":-4.81982421875,"y":22.60186767578125,"z":0.0615234375},"rotation":{"x":0.022400537505745889,"y":0.8945615887641907,"z":-0.045122601091861728,"w":0.44409653544425967},"size":3.539851188659668,"orthographic":true}